assertion_id	event_id	assertion_type	assertion_type_iri	assertion_type_vocabulary	assertion_made_date	assertion_effective_date	assertion_value	assertion_value_iri	assertion_value_vocabulary	assertion_value_numeric	assertion_unit	assertion_unit_iri	assertion_unit_vocabulary	assertion_by	assertion_by_id	assertion_protocol	assertion_protocol_id	assertion_citation	assertion_remarks
d5cde7d5-f19d-4a50-8f60-04fad6098a09	BIGC.20190422.01	measuredReachLength								105	m								
750f76c6-ab1d-4095-93fa-bd6f5428bdca	BIGC.20190423.04	measuredReachLength								100	m								
6d75a687-9750-479c-adc6-df6978301ee4	BIGC.20190424.07	measuredReachLength								90	m								
805a46d0-df37-448f-99e5-1eb156fe78f4	BIGC.20190424.05	measuredReachLength								100	m								
037c5676-c154-405c-87ae-4a989b8a5dac	BIGC.20190425.09	measuredReachLength								100	m								
05db4801-c9f4-4453-aa00-4ea6562f21d1	BIGC.20190425.08	measuredReachLength								100	m								
02095d8b-ea73-4f75-b83d-32f6cecde490	BIGC.20191021.01	measuredReachLength								102	m								
24e148c5-420f-4207-bcda-d65143e29c4d	BIGC.20191022.04	measuredReachLength								102	m								
0f68108e-aeaf-4770-8afb-777cc6ad9689	BIGC.20191023.07	measuredReachLength								100	m								
ed5178b0-6313-4f1f-8a60-a6eaab247847	BIGC.20191023.05	measuredReachLength								100	m								
bc39edc4-a7c5-4bb6-9646-daba99d90642	BIGC.20191024.09	measuredReachLength								100	m								
e830ce35-9835-4c9e-874f-8c0d50b8b288	BIGC.20191024.08	measuredReachLength								100	m								
20b9d843-fc88-4205-b0a5-070a0a215f0f	BIGC.20190422.01	fixedRandomReach					fixed												
07419e17-4e25-45d3-abbf-1316bfefa689	BIGC.20190423.04	fixedRandomReach					fixed												
e85880ee-d329-4bca-b804-e34adfef44bb	BIGC.20190424.07	fixedRandomReach					fixed												
fa45c6c9-96c1-4d15-9051-e249da1ac376	BIGC.20190424.05	fixedRandomReach					random												
f7950a29-796e-4dce-b88b-7b5da7caf66e	BIGC.20190425.09	fixedRandomReach					random												
dfc64a0f-2974-48d8-8ac2-570627b448ab	BIGC.20190425.08	fixedRandomReach					random												
2bbd1e5a-3067-4222-8a0c-5db628952503	BIGC.20191021.01	fixedRandomReach					fixed												
fd2950c2-f512-4868-b2a6-656debde74c4	BIGC.20191022.04	fixedRandomReach					fixed												
376dd570-9735-4da3-8374-3e6671560684	BIGC.20191023.07	fixedRandomReach					fixed												
22e67261-2d20-4b3b-a888-c64ea9419c4f	BIGC.20191023.05	fixedRandomReach					random												
fb0aceb7-0548-4f9e-8df6-08008d82b884	BIGC.20191024.09	fixedRandomReach					random												
580f18f9-7833-41c3-8155-3ae46fdb7dd1	BIGC.20191024.08	fixedRandomReach					random												
5968ed89-f9ae-43ca-bd5b-fe71228f27e2	BIGC.20190422.01.1.e-fisher	passNumber								1									
5c3282ee-2ccd-4b84-987f-2277a4673a50	BIGC.20190422.01.2.e-fisher	passNumber								2									
9a24087a-b64d-4f7a-b324-fc1ab1be0551	BIGC.20190422.01.3.e-fisher	passNumber								3									
bc1acc81-d4a6-49bb-bff5-6e8a06503adb	BIGC.20190423.04.1.e-fisher	passNumber								1									
37ec7ddc-70d1-420a-92ed-50731e9721b6	BIGC.20190423.04.2.e-fisher	passNumber								2									
40191b44-6661-4967-8fc5-880a2235b349	BIGC.20190423.04.3.e-fisher	passNumber								3									
3c6a8974-bbb1-40dd-8fb2-9b6559da488b	BIGC.20190424.05.1.e-fisher	passNumber								1									
9354e925-3b9f-436d-be54-c0ff9f7dedbe	BIGC.20190424.07.1.e-fisher	passNumber								1									
af60a12c-1e52-4190-b595-41fa87a1da17	BIGC.20190424.07.2.e-fisher	passNumber								2									
4a9e4593-9b49-4023-b763-676509c86155	BIGC.20190424.07.3.e-fisher	passNumber								3									
2c76a599-5844-4313-9655-45198e3365ac	BIGC.20190425.08.1.e-fisher	passNumber								1									
741ea72f-ee03-45be-bd8f-09bc1f86f55f	BIGC.20190425.09.1.e-fisher	passNumber								1									
5c7c8c10-e486-4b9d-8c99-2d71f51493b1	BIGC.20191021.01.1.e-fisher	passNumber								1									
8a522ca2-6cc6-411e-9e58-549fb377a236	BIGC.20191021.01.2.e-fisher	passNumber								2									
0d92697b-aa51-46f0-a86f-e1cc0db20451	BIGC.20191021.01.3.e-fisher	passNumber								3									
4e5a7af8-ce38-47b9-8837-b8a18e18807b	BIGC.20191022.04.1.e-fisher	passNumber								1									
dc741b28-e71c-4b51-8582-ba871c953e15	BIGC.20191022.04.2.e-fisher	passNumber								2									
6b8aea0f-2ccc-4566-b663-3d7fe3fe8154	BIGC.20191022.04.3.e-fisher	passNumber								3									
0e61c0f5-b64d-427d-a5fb-52d1683293c6	BIGC.20191023.05.1.e-fisher	passNumber								1									
a37ab73a-23e7-4ca2-9b7f-b4be178a642f	BIGC.20191023.07.1.e-fisher	passNumber								1									
05181372-453b-4e01-ab94-08894be66799	BIGC.20191023.07.2.e-fisher	passNumber								2									
f532a8f6-fc22-4de3-beec-10b121829bba	BIGC.20191023.07.3.e-fisher	passNumber								3									
24b1a557-13d4-444d-bc38-3ebc9c8f0831	BIGC.20191024.08.1.e-fisher	passNumber								1									
daab85d4-beb3-4261-aecd-1821f952821e	BIGC.20191024.09.1.e-fisher	passNumber								1									
e055faaf-e14b-41ae-b38a-16bffaa98830	BIGC.20190422.01.1.e-fisher	waterTemp								8.9	C								
2a287645-b10e-4a9e-a237-00616ad6dc9c	BIGC.20190422.01.2.e-fisher	waterTemp								11.7	C								
681c59fc-428f-427d-afec-e46b237f27a5	BIGC.20190422.01.3.e-fisher	waterTemp								11.8	C								
a4f13f8b-5d8a-4aac-8ca7-8ea2bb929bca	BIGC.20190423.04.1.e-fisher	waterTemp								9.2	C								
ad2a36d6-dcae-4c5a-8740-6e4d2f9dc64f	BIGC.20190423.04.2.e-fisher	waterTemp								12.3	C								
56d780d9-f516-42d7-924f-8c9d0959193f	BIGC.20190423.04.3.e-fisher	waterTemp								12.2	C								
742575c6-0a79-4f5f-90d3-047394983845	BIGC.20190424.05.1.e-fisher	waterTemp								9.8	C								
e3c682e2-2f13-47ca-84c3-22d4fd386795	BIGC.20190424.07.1.e-fisher	waterTemp								13.4	C								
6385baf1-6651-49a0-bdea-df22f1d7a873	BIGC.20190424.07.2.e-fisher	waterTemp								13.3	C								
a9bd6896-809c-4047-a89c-ffff960b4a5a	BIGC.20190424.07.3.e-fisher	waterTemp								13	C								
70cf1521-6c9a-4b89-b555-bf8a2d22a32f	BIGC.20190425.08.1.e-fisher	waterTemp								10.4	C								
7d404b06-fb30-4010-a01a-e4559a727c6f	BIGC.20190425.09.1.e-fisher	waterTemp								13.6	C								
e31ad263-75d4-48a5-b3f5-b69b8527f2ee	BIGC.20191021.01.1.e-fisher	waterTemp								8.7	C								
e5909393-ce4d-424a-b0d7-da08eea5067c	BIGC.20191021.01.2.e-fisher	waterTemp								8.7	C								
dedcbf47-0ebb-4d37-80a1-896023ce1bff	BIGC.20191021.01.3.e-fisher	waterTemp								8.7	C								
b45f3d73-e1b6-4528-a786-076ee3273e97	BIGC.20191022.04.1.e-fisher	waterTemp								9.3	C								
19154b62-58d1-4f35-b487-8207f6869fe6	BIGC.20191022.04.2.e-fisher	waterTemp								9.3	C								
0a05a8c6-3ae9-4d01-a6a0-02149e4c0cca	BIGC.20191022.04.3.e-fisher	waterTemp								9.3	C								
fa6c9d9a-cd3d-4dfd-9f71-78dd4c30e074	BIGC.20191023.05.1.e-fisher	waterTemp								9.7	C								
c3f01a81-a245-4b9b-8095-e35f586a356e	BIGC.20191023.07.1.e-fisher	waterTemp								10.8	C								
0c50c357-f93b-435e-bbd2-db4930e8db08	BIGC.20191023.07.2.e-fisher	waterTemp								10.8	C								
17175779-08ed-4529-983f-51392089df49	BIGC.20191023.07.3.e-fisher	waterTemp								10.8	C								
d8f1636a-380b-4f6e-bf91-951ea852e21a	BIGC.20191024.08.1.e-fisher	waterTemp								9.8	C								
a9427a72-6d9c-48da-98eb-4fc3624ff804	BIGC.20191024.09.1.e-fisher	waterTemp								10.6	C								
550dc01b-80b3-4dd3-903c-02977bc2dc73	BIGC.20190422.01.1.e-fisher	dissolvedOxygen								10.3	%								
da6b5353-89cb-4c3c-aae0-335044b98e08	BIGC.20190422.01.2.e-fisher	dissolvedOxygen								9.1	%								
43d089d6-e49c-43f9-b91b-821d95816d12	BIGC.20190422.01.3.e-fisher	dissolvedOxygen								9.5	%								
36e149b2-5c57-46f6-9802-2202b22df362	BIGC.20190423.04.1.e-fisher	dissolvedOxygen								9.6	%								
cc547681-fd12-4626-81fa-ad8ce747660b	BIGC.20190423.04.2.e-fisher	dissolvedOxygen								9.1	%								
770d8ad3-71b1-4453-9e32-0e4be5b73e56	BIGC.20190423.04.3.e-fisher	dissolvedOxygen								9	%								
d1035322-a4e5-4147-9a7b-1a832f13e4e4	BIGC.20190424.05.1.e-fisher	dissolvedOxygen								10.3	%								
26622d74-dd0a-4d2a-8b4a-4cca207e6045	BIGC.20190424.07.1.e-fisher	dissolvedOxygen								10	%								
897e8e6a-dd61-4976-9c43-4b6f013554f3	BIGC.20190424.07.2.e-fisher	dissolvedOxygen								10.9	%								
2f0a8523-63b3-4418-84da-a603f518f11f	BIGC.20190424.07.3.e-fisher	dissolvedOxygen								9.7	%								
7b4d2262-1a4e-4bdd-94b3-03d8108e896c	BIGC.20190425.08.1.e-fisher	dissolvedOxygen								9.1	%								
09c8aa83-3d5c-4957-a8d1-901c0ef19151	BIGC.20190425.09.1.e-fisher	dissolvedOxygen								9.1	%								
ef66a986-3085-4266-9db9-20d5cb8ee3b6	BIGC.20191021.01.1.e-fisher	dissolvedOxygen								8.8	%								
828861d7-290e-4a24-b186-d4748b55d692	BIGC.20191021.01.2.e-fisher	dissolvedOxygen								8.8	%								
081daf89-492a-4bd4-a02a-f6c27427e3d6	BIGC.20191021.01.3.e-fisher	dissolvedOxygen								8.8	%								
43ca930d-c9a1-4ca8-b5c3-2edff32e82a1	BIGC.20191022.04.1.e-fisher	dissolvedOxygen								8	%								
74a58a38-43b6-4293-9f20-df4c7b6eec7b	BIGC.20191022.04.2.e-fisher	dissolvedOxygen								8	%								
07b29081-122e-4d48-a244-077d98d42cca	BIGC.20191022.04.3.e-fisher	dissolvedOxygen								8	%								
a6077cb0-7422-48ac-94f9-0e2e130d6ddf	BIGC.20191023.05.1.e-fisher	dissolvedOxygen								8.7	%								
9baa917b-e2d6-491a-be94-ef42e779c064	BIGC.20191023.07.1.e-fisher	dissolvedOxygen								9.1	%								
2ad94cd2-d17b-4bdf-8763-067ac0b96cd5	BIGC.20191023.07.2.e-fisher	dissolvedOxygen								9.1	%								
97d6d430-ea4d-4a10-baf7-c498b7347ddc	BIGC.20191023.07.3.e-fisher	dissolvedOxygen								9.1	%								
fa38b880-129a-4931-9409-edc13a9930cd	BIGC.20191024.08.1.e-fisher	dissolvedOxygen								8.6	%								
2275a759-95d4-4087-ae06-89b9aeac5606	BIGC.20191024.09.1.e-fisher	dissolvedOxygen								9.2	%								
ff52df94-caba-42b1-9846-5436b52915dd	BIGC.20190422.01.1.e-fisher	specificConductance								75.6	cm^-1 Ω^-1								
8317c69f-5775-451f-99ab-71f56b014276	BIGC.20190422.01.2.e-fisher	specificConductance								77.3	cm^-1 Ω^-1								
03ab580f-2fbb-4e4e-82fd-a22aacc93a18	BIGC.20190422.01.3.e-fisher	specificConductance								77.8	cm^-1 Ω^-1								
e3ade42c-b734-4857-9609-8636d9615dbf	BIGC.20190423.04.1.e-fisher	specificConductance								76.9	cm^-1 Ω^-1								
bbf63f78-3613-4f6c-b73e-e46c1c79a7f6	BIGC.20190423.04.2.e-fisher	specificConductance								77.2	cm^-1 Ω^-1								
5b5fa2af-b19c-49e2-9263-3a27d99bea2a	BIGC.20190423.04.3.e-fisher	specificConductance								76.5	cm^-1 Ω^-1								
85c7446a-13c3-434b-bd66-9a4aa7bf0870	BIGC.20190424.05.1.e-fisher	specificConductance								78.4	cm^-1 Ω^-1								
2a9df3cb-d75c-4408-991b-135abb7bb882	BIGC.20190424.07.1.e-fisher	specificConductance								79.8	cm^-1 Ω^-1								
b2eea792-546d-4fcc-a2fa-3e6d864a1dd5	BIGC.20190424.07.2.e-fisher	specificConductance								78.9	cm^-1 Ω^-1								
bfe31443-2af5-43d0-ab8a-847ac51d70f1	BIGC.20190424.07.3.e-fisher	specificConductance								78.6	cm^-1 Ω^-1								
50e1ff61-4668-4cce-949b-395bab08143f	BIGC.20190425.08.1.e-fisher	specificConductance								78.6	cm^-1 Ω^-1								
bdf2de0b-1bd6-4d8a-af25-f902aa6dcc27	BIGC.20190425.09.1.e-fisher	specificConductance								79.5	cm^-1 Ω^-1								
0e729744-5f56-4e84-ae52-cf22117e597b	BIGC.20191021.01.1.e-fisher	specificConductance								157	cm^-1 Ω^-1								
a115975c-ff12-4aeb-84f6-f35bd3bed8ff	BIGC.20191021.01.2.e-fisher	specificConductance								157	cm^-1 Ω^-1								
7c247d3c-8d5e-4c22-ab87-58c53026f973	BIGC.20191021.01.3.e-fisher	specificConductance								157	cm^-1 Ω^-1								
fff4f2a8-5c28-4b44-aa67-5afdbf05caba	BIGC.20191022.04.1.e-fisher	specificConductance								230.6	cm^-1 Ω^-1								
a31d3d67-523d-4aaa-a4bf-36055ebc9928	BIGC.20191022.04.2.e-fisher	specificConductance								230.6	cm^-1 Ω^-1								
91f8cabd-8f4e-43c8-8ebb-97677163f47b	BIGC.20191022.04.3.e-fisher	specificConductance								230.6	cm^-1 Ω^-1								
cccfbb0d-2ad5-453f-8c66-ca248e561b2a	BIGC.20191023.05.1.e-fisher	specificConductance								232.8	cm^-1 Ω^-1								
abaf9fa0-f618-42c8-8c04-1d07ce4470bc	BIGC.20191023.07.1.e-fisher	specificConductance								235	cm^-1 Ω^-1								
977c80d7-e637-4c61-b1d2-c834db3be1e4	BIGC.20191023.07.2.e-fisher	specificConductance								235	cm^-1 Ω^-1								
a278a129-1465-464a-9f49-e469e8b20442	BIGC.20191023.07.3.e-fisher	specificConductance								235	cm^-1 Ω^-1								
d6a69b7a-cbe6-4d01-956f-b5a8bc335f91	BIGC.20191024.08.1.e-fisher	specificConductance								226.4	cm^-1 Ω^-1								
ad64a8d9-140c-406a-aa67-487e6b3e92c9	BIGC.20191024.09.1.e-fisher	specificConductance								243.4	cm^-1 Ω^-1								
ce05600c-0d55-4df3-975d-39b040955e68	BIGC.20190422.01.1.e-fisher	samplerType					electrofisher												
6263a7d9-2404-45d9-a9fa-c3d6f80153f2	BIGC.20190422.01.2.e-fisher	samplerType					electrofisher												
c7ca480d-6b97-4b79-9961-012a69ab67e9	BIGC.20190422.01.3.e-fisher	samplerType					electrofisher												
13c3ce40-f23b-4ad0-926d-81e8a33e0c5d	BIGC.20190423.04.1.e-fisher	samplerType					electrofisher												
32ce0954-0507-406b-aa88-704d8a1b62b1	BIGC.20190423.04.2.e-fisher	samplerType					electrofisher												
6b5c1fff-9be0-44a7-8d85-c6d57bf8a9a8	BIGC.20190423.04.3.e-fisher	samplerType					electrofisher												
6afdf056-fe49-4050-8435-45a9fcc3f980	BIGC.20190424.05.1.e-fisher	samplerType					electrofisher												
17cef54b-4124-416c-ac57-9ec33bb5fa8c	BIGC.20190424.07.1.e-fisher	samplerType					electrofisher												
3cea9db8-4137-4723-a70e-40c029565a13	BIGC.20190424.07.2.e-fisher	samplerType					electrofisher												
fcd9befd-a09e-4481-8e3f-b5d2f8bdc1e8	BIGC.20190424.07.3.e-fisher	samplerType					electrofisher												
37400bae-b89e-4a97-8e08-711db2fd1614	BIGC.20190425.08.1.e-fisher	samplerType					electrofisher												
dbe7916c-4a9c-4f47-b7d7-df72194ec725	BIGC.20190425.09.1.e-fisher	samplerType					electrofisher												
ea89d682-bfab-46d0-a712-42a44e1c2416	BIGC.20191021.01.1.e-fisher	samplerType					electrofisher												
0dd5d2ce-febe-4af2-ab9a-049a87cabbb9	BIGC.20191021.01.2.e-fisher	samplerType					electrofisher												
9e1113e8-6ee3-4a24-ba32-4af9a099fc02	BIGC.20191021.01.3.e-fisher	samplerType					electrofisher												
a7fd5e23-2535-446f-8eb0-1465e5b401d0	BIGC.20191022.04.1.e-fisher	samplerType					electrofisher												
eeeab90f-8e82-4923-9c40-da65db692a1d	BIGC.20191022.04.2.e-fisher	samplerType					electrofisher												
9e8c7283-af0f-4956-bfa1-fc69e1e2a69e	BIGC.20191022.04.3.e-fisher	samplerType					electrofisher												
72d4fc29-96f2-4427-966a-9dcad7d9d97e	BIGC.20191023.05.1.e-fisher	samplerType					electrofisher												
b0a16cd3-510c-4658-ba00-fc0f350dcc44	BIGC.20191023.07.1.e-fisher	samplerType					electrofisher												
1f04254a-f268-40c9-ad48-e43930900e46	BIGC.20191023.07.2.e-fisher	samplerType					electrofisher												
e15b7ec8-3ece-46ef-9f33-08b4d603a5a0	BIGC.20191023.07.3.e-fisher	samplerType					electrofisher												
88d5f0fa-2312-45f2-9401-0c4f98ed1724	BIGC.20191024.08.1.e-fisher	samplerType					electrofisher												
eb436539-fc26-416d-a2b0-067061756318	BIGC.20191024.09.1.e-fisher	samplerType					electrofisher												
a4c0cba2-eea2-491b-89d0-678c48fb7497	BIGC.20190422.01.1.e-fisher	initialFrequency								30	Hz								
db7c4722-c05c-4689-b558-024dc4823f54	BIGC.20190422.01.2.e-fisher	initialFrequency								30	Hz								
ba3cf691-724b-45c6-ae16-5e0dc3b8f8a8	BIGC.20190422.01.3.e-fisher	initialFrequency								30	Hz								
e272cefc-5dce-4621-b0a4-a2a398682e76	BIGC.20190423.04.1.e-fisher	initialFrequency								30	Hz								
09816b8f-e63d-490e-b852-60191e85f56d	BIGC.20190423.04.2.e-fisher	initialFrequency								30	Hz								
60ff37c1-36ad-4a83-bdb5-0df9f6b45098	BIGC.20190423.04.3.e-fisher	initialFrequency								30	Hz								
fb959b18-f663-4c55-827d-9ede77e7cbab	BIGC.20190424.05.1.e-fisher	initialFrequency								30	Hz								
4feb3f9f-826e-4c6c-ad78-76b3ead717f0	BIGC.20190424.07.1.e-fisher	initialFrequency								30	Hz								
dcdd1e1e-06dd-472e-865b-b09fa43935f5	BIGC.20190424.07.2.e-fisher	initialFrequency								30	Hz								
48522629-fdcf-4237-9642-26ffcf7d07a1	BIGC.20190424.07.3.e-fisher	initialFrequency								30	Hz								
29b77468-212e-4777-bfd4-f8f115ac81cb	BIGC.20190425.08.1.e-fisher	initialFrequency								30	Hz								
b6329423-d012-45cb-aee2-2ffd425968ec	BIGC.20190425.09.1.e-fisher	initialFrequency								30	Hz								
3006266e-73a2-4ceb-b520-fc14056e05e2	BIGC.20191021.01.1.e-fisher	initialFrequency								30	Hz								
2bdb80c3-1773-4ea3-b92e-fae839aac8e6	BIGC.20191021.01.2.e-fisher	initialFrequency								30	Hz								
e3b475a7-4249-4d8c-bd92-ef1964278239	BIGC.20191021.01.3.e-fisher	initialFrequency								30	Hz								
b59308bb-2ea5-41d4-9cee-996d1dafa9ce	BIGC.20191022.04.1.e-fisher	initialFrequency								30	Hz								
2c385be2-6646-45d4-b3c9-e06fd38aa8e3	BIGC.20191022.04.2.e-fisher	initialFrequency								30	Hz								
e28d1ee9-579e-4fab-9e39-83a59ba2519b	BIGC.20191022.04.3.e-fisher	initialFrequency								30	Hz								
22a3032c-be9b-4664-94dc-23bf6fff1ed9	BIGC.20191023.05.1.e-fisher	initialFrequency								30	Hz								
fde2ae2e-c79a-4c61-b694-ded55a89243c	BIGC.20191023.07.1.e-fisher	initialFrequency								30	Hz								
4b85d3d7-f5d0-4a5a-bcc0-b2ae66307dd3	BIGC.20191023.07.2.e-fisher	initialFrequency								30	Hz								
ca6602db-6f64-42f2-a222-65a16db35913	BIGC.20191023.07.3.e-fisher	initialFrequency								30	Hz								
c12c8229-49e8-4e70-98f7-fce4b761da03	BIGC.20191024.08.1.e-fisher	initialFrequency								30	Hz								
e1e27fb2-c24c-4e7a-82ef-a255fabcd7d8	BIGC.20191024.09.1.e-fisher	initialFrequency								30	Hz								
74cac6ba-d0f6-4890-86f2-5b030db16763	BIGC.20190422.01.1.e-fisher	initialDutyCycle								20	%								
c87ca565-95aa-406c-8e8c-8e266c2c2bbb	BIGC.20190422.01.2.e-fisher	initialDutyCycle								15	%								
217fc931-2c09-4b52-ba1a-6bf14bd92fe5	BIGC.20190422.01.3.e-fisher	initialDutyCycle								20	%								
bac410c0-b2ee-4aca-8ece-92d304578516	BIGC.20190423.04.1.e-fisher	initialDutyCycle								20	%								
6cb69ee6-e846-480e-8a82-0f5a79b67f42	BIGC.20190423.04.2.e-fisher	initialDutyCycle								20	%								
32613894-c556-4e7b-a9df-467c1eac790a	BIGC.20190423.04.3.e-fisher	initialDutyCycle								20	%								
e28fbfa9-818e-4d98-8fab-d7974a1a55c6	BIGC.20190424.05.1.e-fisher	initialDutyCycle								20	%								
59849a80-dfa7-4416-a890-f22e370f6105	BIGC.20190424.07.1.e-fisher	initialDutyCycle								20	%								
b5730fbe-7ca2-4983-a695-aae21b94cae4	BIGC.20190424.07.2.e-fisher	initialDutyCycle								20	%								
48df3298-17a7-447a-a270-ee1800319c5f	BIGC.20190424.07.3.e-fisher	initialDutyCycle								25	%								
c255f2af-f668-438d-913b-438790f929b1	BIGC.20190425.08.1.e-fisher	initialDutyCycle								25	%								
c8da29e6-1565-45a4-bcf0-b72449dae193	BIGC.20190425.09.1.e-fisher	initialDutyCycle								25	%								
429ff142-f9fa-4d16-a449-26f1e34df777	BIGC.20191021.01.1.e-fisher	initialDutyCycle								35	%								
cca6685b-fb4a-485b-a559-0124a932e31a	BIGC.20191021.01.2.e-fisher	initialDutyCycle								35	%								
9810c405-e679-4b2d-958a-bd60ad974d72	BIGC.20191021.01.3.e-fisher	initialDutyCycle								35	%								
d7c81221-df17-472a-b16b-25fc90b3def8	BIGC.20191022.04.1.e-fisher	initialDutyCycle								35	%								
87501782-7b2b-4648-af19-57f9a7fb41eb	BIGC.20191022.04.2.e-fisher	initialDutyCycle								35	%								
cb4839f0-228d-48b5-aec8-31b9a4302c09	BIGC.20191022.04.3.e-fisher	initialDutyCycle								30	%								
f9cfd188-424a-424e-8d63-5c38afc195aa	BIGC.20191023.05.1.e-fisher	initialDutyCycle								30	%								
ad9292a8-3a9f-46e4-b105-efa2a4348168	BIGC.20191023.07.1.e-fisher	initialDutyCycle								30	%								
c5fcad57-50ca-47db-a5e8-09faea952918	BIGC.20191023.07.2.e-fisher	initialDutyCycle								30	%								
a2339230-b5e4-491e-9f6f-e62ac4af6484	BIGC.20191023.07.3.e-fisher	initialDutyCycle								30	%								
4936d210-97bb-4682-a021-e7514dedfd8a	BIGC.20191024.08.1.e-fisher	initialDutyCycle								30	%								
dae823bc-e4e9-40fa-bc32-bc19306d2363	BIGC.20191024.09.1.e-fisher	initialDutyCycle								30	%								
c761011f-0dbb-4845-9a23-c0fb5c4251c1	BIGC.20190422.01.1.e-fisher	initialVoltage								300	V								
8e0c3b6f-9018-412c-816f-d1c3e1e26b26	BIGC.20190422.01.2.e-fisher	initialVoltage								300	V								
c88dd5ec-bcff-4bc4-959f-a9fc97edcf18	BIGC.20190422.01.3.e-fisher	initialVoltage								300	V								
484751fc-6934-4e14-a40e-d60daa8cbbd0	BIGC.20190423.04.1.e-fisher	initialVoltage								300	V								
f4e92f55-6948-4755-abc8-3ec6453dc9c4	BIGC.20190423.04.2.e-fisher	initialVoltage								300	V								
65429feb-bd2d-4dbc-a71c-2e21893cb229	BIGC.20190423.04.3.e-fisher	initialVoltage								300	V								
ef53d09f-8a3d-4d65-a90c-670f0dcd4293	BIGC.20190424.05.1.e-fisher	initialVoltage								300	V								
bc5d88d2-2fd7-435e-970a-0aa5ef5df22a	BIGC.20190424.07.1.e-fisher	initialVoltage								300	V								
e9434f52-7012-4b37-b872-e4b0230c4be8	BIGC.20190424.07.2.e-fisher	initialVoltage								300	V								
307b98fb-acff-40e8-8d1d-07a8c6e218f7	BIGC.20190424.07.3.e-fisher	initialVoltage								300	V								
d122aef2-7356-40c4-b474-7f0681d757c9	BIGC.20190425.08.1.e-fisher	initialVoltage								300	V								
effdb346-f7c7-4de7-a493-890d6261756d	BIGC.20190425.09.1.e-fisher	initialVoltage								300	V								
85ec4db9-9ec8-4970-8116-f3359ad0e3d8	BIGC.20191021.01.1.e-fisher	initialVoltage								150	V								
e550c073-3927-4ccb-a66f-a39af86aac44	BIGC.20191021.01.2.e-fisher	initialVoltage								150	V								
0bc78963-4847-4508-b407-cb80a5b16feb	BIGC.20191021.01.3.e-fisher	initialVoltage								150	V								
20778f5b-cadc-4ba5-a825-8992939221ab	BIGC.20191022.04.1.e-fisher	initialVoltage								150	V								
247d8d99-38eb-4499-8e07-5ab02aa25c5a	BIGC.20191022.04.2.e-fisher	initialVoltage								150	V								
2ef5876f-5974-496e-9220-f9da92962ac0	BIGC.20191022.04.3.e-fisher	initialVoltage								200	V								
319a0653-668e-4ed7-9d2d-7db208bdfd6c	BIGC.20191023.05.1.e-fisher	initialVoltage								200	V								
c8d380a7-b249-4171-ac8a-212319e3cf4c	BIGC.20191023.07.1.e-fisher	initialVoltage								150	V								
14d8c765-01e0-4063-9fca-727228adb047	BIGC.20191023.07.2.e-fisher	initialVoltage								150	V								
19c54561-3dde-4dfa-81c6-30968105828b	BIGC.20191023.07.3.e-fisher	initialVoltage								150	V								
9555891a-ee02-44f1-aaff-498695e68adb	BIGC.20191024.08.1.e-fisher	initialVoltage								150	V								
8552143f-708a-4007-acac-5c64cf4c4daf	BIGC.20191024.09.1.e-fisher	initialVoltage								150	V								
0baed86f-5122-4b08-91cc-f33abf6c923f	BIGC.20190422.01.1.e-fisher	finalFrequency								30	Hz								
daad8a2a-c431-45c9-93b0-c2d1188c08ed	BIGC.20190422.01.2.e-fisher	finalFrequency								30	Hz								
5ba67e8f-0f7c-49d2-ade3-fe1b8e106f58	BIGC.20190422.01.3.e-fisher	finalFrequency								30	Hz								
478d9642-8bc7-439c-8719-682de709f902	BIGC.20190423.04.1.e-fisher	finalFrequency								30	Hz								
d3aa5ba2-7d95-43e9-aff1-bafa7431f4ec	BIGC.20190423.04.2.e-fisher	finalFrequency								30	Hz								
d18965b2-be29-476f-b4d9-0d39ea4559e1	BIGC.20190423.04.3.e-fisher	finalFrequency								30	Hz								
f14b878b-58c9-46a8-aac3-82baedf9a16c	BIGC.20190424.05.1.e-fisher	finalFrequency								30	Hz								
6cf696a9-a1ff-48b6-9b05-f87b6c2e6924	BIGC.20190424.07.1.e-fisher	finalFrequency								30	Hz								
88c5f160-2172-4b2f-9982-45fce2229a80	BIGC.20190424.07.2.e-fisher	finalFrequency								30	Hz								
4aba659f-50f4-4922-9926-6520e5068ef2	BIGC.20190424.07.3.e-fisher	finalFrequency								30	Hz								
46dd7baa-49e4-424b-8bfd-4143fe3b027e	BIGC.20190425.08.1.e-fisher	finalFrequency								30	Hz								
d079d4d2-01a1-4b6c-94c0-c37edb6609d5	BIGC.20190425.09.1.e-fisher	finalFrequency								30	Hz								
90c89406-184e-4da6-a780-4ea6e7b575e1	BIGC.20191021.01.1.e-fisher	finalFrequency								30	Hz								
97d2a6dd-49c4-452c-a3da-c6c679702dde	BIGC.20191021.01.2.e-fisher	finalFrequency								30	Hz								
e8369294-021c-4a0c-bef2-e894b7231768	BIGC.20191021.01.3.e-fisher	finalFrequency								30	Hz								
9eb78f0a-52d4-496d-8f87-6007ef2a081c	BIGC.20191022.04.1.e-fisher	finalFrequency								30	Hz								
ea102dd8-d950-4a35-97c4-5c98e071ade5	BIGC.20191022.04.2.e-fisher	finalFrequency								30	Hz								
09a679b9-4cdd-411d-8925-6eafa03719db	BIGC.20191022.04.3.e-fisher	finalFrequency								30	Hz								
f0b015b0-19e8-458f-9219-d6439fa72f25	BIGC.20191023.05.1.e-fisher	finalFrequency								30	Hz								
b73e6bb0-a345-4104-add6-f60fb98547dd	BIGC.20191023.07.1.e-fisher	finalFrequency								30	Hz								
3fcd6cf2-0a8b-4727-b9a3-870e5127205e	BIGC.20191023.07.2.e-fisher	finalFrequency								30	Hz								
5cb422c6-9fff-427c-8b82-ca612c0685f2	BIGC.20191023.07.3.e-fisher	finalFrequency								30	Hz								
3819b5ad-a82a-4021-821c-b1a553d052e3	BIGC.20191024.08.1.e-fisher	finalFrequency								30	Hz								
ce3d55f2-bc15-4924-ade1-d9a7b9d59b66	BIGC.20191024.09.1.e-fisher	finalFrequency								30	Hz								
c581b159-c297-41a0-9c87-3efe99f32198	BIGC.20190422.01.1.e-fisher	finalDutyCycle								15	%								
a8a5e9f5-47fe-43f5-a343-3a736c142012	BIGC.20190422.01.2.e-fisher	finalDutyCycle								15	%								
7041587f-acf4-43b4-ad24-d0d5a9c08687	BIGC.20190422.01.3.e-fisher	finalDutyCycle								20	%								
75da566d-7e76-440a-b4fa-d927f45053cd	BIGC.20190423.04.1.e-fisher	finalDutyCycle								20	%								
856abc26-8771-4397-93a7-ca82ab8cbc8d	BIGC.20190423.04.2.e-fisher	finalDutyCycle								20	%								
2c47d890-cbd2-4335-b46d-7072480e4105	BIGC.20190423.04.3.e-fisher	finalDutyCycle								20	%								
5f26d559-1131-4e20-89e8-f7b68f26636b	BIGC.20190424.05.1.e-fisher	finalDutyCycle								20	%								
426e6aba-1e94-4f22-8efa-8130d63909e1	BIGC.20190424.07.1.e-fisher	finalDutyCycle								20	%								
73e3de85-ea32-4b34-8e46-3191a04e74dd	BIGC.20190424.07.2.e-fisher	finalDutyCycle								20	%								
22f920ef-dabd-4e52-b98c-d5d5a7a5d0dd	BIGC.20190424.07.3.e-fisher	finalDutyCycle								25	%								
45279113-8466-422c-b8b6-6197023dfb42	BIGC.20190425.08.1.e-fisher	finalDutyCycle								25	%								
b572cc21-66b6-46cc-8c11-aa6efcd1c58c	BIGC.20190425.09.1.e-fisher	finalDutyCycle								25	%								
65fc9d08-2b14-42a6-b54f-f494f64eb773	BIGC.20191021.01.1.e-fisher	finalDutyCycle								35	%								
2feb1c00-1dc5-4e14-87a3-9b1fef6935cc	BIGC.20191021.01.2.e-fisher	finalDutyCycle								35	%								
4227d717-031e-4954-ba41-421c74aea3fc	BIGC.20191021.01.3.e-fisher	finalDutyCycle								35	%								
b94a99aa-6ea5-41d6-a5ef-c0695ddfd5f2	BIGC.20191022.04.1.e-fisher	finalDutyCycle								35	%								
6735ee74-ac3a-48b2-81cd-a60f6f8ddcde	BIGC.20191022.04.2.e-fisher	finalDutyCycle								35	%								
e0c4c48b-10d5-4668-b451-0d2a24eef0d1	BIGC.20191022.04.3.e-fisher	finalDutyCycle								30	%								
31e259cd-70de-47d2-9ce8-0596bfbc8068	BIGC.20191023.05.1.e-fisher	finalDutyCycle								30	%								
c1219c28-3c4b-4c3b-8339-ae8d4c90d062	BIGC.20191023.07.1.e-fisher	finalDutyCycle								30	%								
5a2a728e-3208-4963-99f9-14b780ab4bb9	BIGC.20191023.07.2.e-fisher	finalDutyCycle								30	%								
608a94ee-9117-43f6-8fbe-5edda686f6f5	BIGC.20191023.07.3.e-fisher	finalDutyCycle								30	%								
06e989ac-7771-4be5-9a68-908af4eb7504	BIGC.20191024.08.1.e-fisher	finalDutyCycle								30	%								
38ae88c4-9bcb-49f5-9293-e35d3cc3e14d	BIGC.20191024.09.1.e-fisher	finalDutyCycle								30	%								
e513752e-64da-4b0f-9436-73d3e9aa27e3	BIGC.20190422.01.1.e-fisher	finalVoltage								300	V								
4f19ac0c-4633-456d-bbc7-6cbccb3e8b8d	BIGC.20190422.01.2.e-fisher	finalVoltage								300	V								
a4c43f99-20d0-4e8e-8117-c6fb719036c3	BIGC.20190422.01.3.e-fisher	finalVoltage								300	V								
73c5fd47-c862-4d4a-b20c-2b62698725bb	BIGC.20190423.04.1.e-fisher	finalVoltage								300	V								
b7ea7c91-8c12-4e5f-818f-85fa45917f3c	BIGC.20190423.04.2.e-fisher	finalVoltage								300	V								
67354635-ad24-4adc-9a2d-e3d91feab583	BIGC.20190423.04.3.e-fisher	finalVoltage								300	V								
a27e4e3e-c412-48cd-b26a-9d21c1684ca1	BIGC.20190424.05.1.e-fisher	finalVoltage								300	V								
30ac0520-bd32-4ec4-a8b0-a832c6ca09be	BIGC.20190424.07.1.e-fisher	finalVoltage								300	V								
3fef7d86-bf1d-4aa0-a539-e556b59b3569	BIGC.20190424.07.2.e-fisher	finalVoltage								300	V								
5f10b378-9b4d-496a-84e8-967e5aeef753	BIGC.20190424.07.3.e-fisher	finalVoltage								300	V								
971d459e-1f95-4eef-9622-eba8922ac088	BIGC.20190425.08.1.e-fisher	finalVoltage								300	V								
2963fb17-b232-4019-9424-23c7d32b0174	BIGC.20190425.09.1.e-fisher	finalVoltage								300	V								
c8ec9345-e4fd-4918-a23d-3b552759697f	BIGC.20191021.01.1.e-fisher	finalVoltage								150	V								
4ae0828e-d3b8-4c81-ba86-439bac35d321	BIGC.20191021.01.2.e-fisher	finalVoltage								150	V								
0bf3b008-fc04-4695-8b56-dde3a2cbbb9a	BIGC.20191021.01.3.e-fisher	finalVoltage								150	V								
93557f86-4ff2-460c-8e37-b083465a205e	BIGC.20191022.04.1.e-fisher	finalVoltage								150	V								
471eca55-d92a-4a17-af78-1823bb10bc18	BIGC.20191022.04.2.e-fisher	finalVoltage								150	V								
7b4fc8fd-2506-41ad-a06f-865dd31a021a	BIGC.20191022.04.3.e-fisher	finalVoltage								200	V								
32e3df41-41c6-4fda-a688-6ee7c6ab8c9e	BIGC.20191023.05.1.e-fisher	finalVoltage								200	V								
12f326b9-4c96-40d3-986d-23ea383f8477	BIGC.20191023.07.1.e-fisher	finalVoltage								150	V								
a53a5cc1-d6c3-41cd-acae-b64a60e3e75a	BIGC.20191023.07.2.e-fisher	finalVoltage								150	V								
a2cd8bc3-1630-442a-8714-41e735396852	BIGC.20191023.07.3.e-fisher	finalVoltage								150	V								
a2bb88db-f6dd-4545-9165-9bea2ee0d983	BIGC.20191024.08.1.e-fisher	finalVoltage								150	V								
7409a1a5-f9c6-47d2-9715-b8cebc8a448c	BIGC.20191024.09.1.e-fisher	finalVoltage								150	V								
9809f133-4592-435b-9c91-1c746f87a825	BIGC.20190422.01.1.e-fisher	efTime								4026									
099781b5-7378-40f2-ad1e-e131f9667289	BIGC.20190422.01.2.e-fisher	efTime								2263									
4f2ea8bc-3912-4f54-b741-1d29a6790236	BIGC.20190422.01.3.e-fisher	efTime								2611									
39552a7d-0ed3-49a2-a016-6b55f9d839d5	BIGC.20190423.04.1.e-fisher	efTime								4601									
de49154e-15b2-4e37-8cfb-7f36312328c9	BIGC.20190423.04.2.e-fisher	efTime								3771									
75dce895-7638-4629-a45d-a5b21c3e9b6a	BIGC.20190423.04.3.e-fisher	efTime								3416									
0fa9675e-56dd-4868-af86-37492618cf54	BIGC.20190424.05.1.e-fisher	efTime								4218									
77fe76ff-7753-4795-8f64-92caff9635a8	BIGC.20190424.07.1.e-fisher	efTime								2266									
fe9dff4d-c506-426b-a47d-c2c912c67250	BIGC.20190424.07.2.e-fisher	efTime								2186									
5150ff0e-b926-4100-88c7-ae3a05b38eb2	BIGC.20190424.07.3.e-fisher	efTime								1950									
f6869a80-d03d-4d34-ae8b-86851fb3b076	BIGC.20190425.08.1.e-fisher	efTime								4830									
047c2ca5-491d-44ea-ae21-f998c06c821a	BIGC.20190425.09.1.e-fisher	efTime								3915									
c875e078-32de-4c01-8301-a3951657f0f4	BIGC.20191021.01.1.e-fisher	efTime								3473									
48efad7d-9bde-4772-af84-01cac9beca3e	BIGC.20191021.01.2.e-fisher	efTime								2430									
9e768f13-6b29-4181-96d4-9a1ba9caf02b	BIGC.20191021.01.3.e-fisher	efTime								1917									
b020957f-d1a9-46f1-9904-01de20ee5fe6	BIGC.20191022.04.1.e-fisher	efTime								4625									
002605b0-0e9f-472e-884e-d111e55bbad7	BIGC.20191022.04.2.e-fisher	efTime								3376									
1465ac1e-415b-49ca-ac9e-d3fe7481580e	BIGC.20191022.04.3.e-fisher	efTime								4250									
fb2c4a76-8dd5-4228-8881-01a10678b402	BIGC.20191023.05.1.e-fisher	efTime								4021									
95b9c73a-6db5-4738-9c54-c1349f07833b	BIGC.20191023.07.1.e-fisher	efTime								2530									
aa68d9f2-d83d-40d3-a833-d0d59b3043ec	BIGC.20191023.07.2.e-fisher	efTime								2858									
85dae695-710f-4fd5-bd79-94b48556e420	BIGC.20191023.07.3.e-fisher	efTime								2120									
75422ae4-564f-40c1-8f32-9243120762a2	BIGC.20191024.08.1.e-fisher	efTime								4817									
4d5eb12e-ffb6-452e-bba4-07e53f40052c	BIGC.20191024.09.1.e-fisher	efTime								4228									
5c876b77-b356-4147-9dcc-8cac0d16dfd2	BIGC.20190422.01.1.e-fisher	settingsChanged								3									
269c9291-b1c2-4bd4-a2c7-fa42135d4f77	BIGC.20190422.01.2.e-fisher	settingsChanged								0									
66371fb0-071c-48d5-a87b-5e5982074fc1	BIGC.20190422.01.3.e-fisher	settingsChanged								0									
2276b330-cf4b-4cab-bd2c-d452a032b2b0	BIGC.20190423.04.2.e-fisher	settingsChanged								0									
fd5bb780-7bac-4362-849c-b1d81e380632	BIGC.20190423.04.3.e-fisher	settingsChanged								0									
1db707b6-a052-456a-86f1-ca3df4db33f0	BIGC.20190424.05.1.e-fisher	settingsChanged								0									
7ee75f76-113e-47b1-8591-632897894438	BIGC.20190424.07.1.e-fisher	settingsChanged								0									
eeb84223-94f1-4fb1-8ea3-3a7428212630	BIGC.20190424.07.2.e-fisher	settingsChanged								0									
49649b61-8faa-4d93-a06f-8bdfb72c0a6a	BIGC.20190424.07.3.e-fisher	settingsChanged								0									
3a2dde5f-2115-4a58-a836-d42acee00374	BIGC.20190425.08.1.e-fisher	settingsChanged								0									
afab1456-eed8-4d21-ad8b-1b5dd8e424cd	BIGC.20190425.09.1.e-fisher	settingsChanged								0									
d935c7ba-3ffb-41a1-b5b6-a8774d3aa64a	BIGC.20191021.01.1.e-fisher	settingsChanged								0									
fc296140-f589-4017-a2cf-b6fc73a8f012	BIGC.20191021.01.2.e-fisher	settingsChanged								0									
2a60b26b-4c74-4ec9-ac79-a506fb86585a	BIGC.20191021.01.3.e-fisher	settingsChanged								0									
6faaf3a5-4893-48ed-a0c0-cbd705a182d3	BIGC.20191022.04.1.e-fisher	settingsChanged								0									
d94b4d55-faec-4336-bc77-ee8cb8ea6afd	BIGC.20191022.04.2.e-fisher	settingsChanged								0									
78cbb94d-bae7-4c01-8794-7e35973d2c73	BIGC.20191022.04.3.e-fisher	settingsChanged								0									
187a0640-a5f8-4e00-b068-c7afbba95301	BIGC.20191023.05.1.e-fisher	settingsChanged								0									
e1dd9839-a089-4095-91bf-2fb8a08436a3	BIGC.20191023.07.1.e-fisher	settingsChanged								0									
ec3299ba-be6b-41b5-a047-574e97c8caed	BIGC.20191023.07.2.e-fisher	settingsChanged								0									
1dbc1ff2-b8c9-437e-8da4-de80a161c68a	BIGC.20191024.08.1.e-fisher	settingsChanged								0									
4ec2cd06-57c5-421a-8e15-6d9d667e5413	BIGC.20191024.09.1.e-fisher	settingsChanged								0									
7d33a2fd-e935-40f1-a8ac-6dcc7c2a2278	BIGC.20190422.01.1.e-fisher	netIntegrity					Not compromised												
41313784-1558-48ff-b6bd-814ea3ff1b75	BIGC.20190422.01.2.e-fisher	netIntegrity					Not compromised												
f1633133-f876-4aad-a9d5-fd158e7720b5	BIGC.20190422.01.3.e-fisher	netIntegrity					Not compromised												
e300973e-93e1-43d5-ac2b-5cd63877b4ac	BIGC.20190423.04.1.e-fisher	netIntegrity					Not compromised												
dcf30995-e683-4785-9115-03bc61eadd99	BIGC.20190423.04.2.e-fisher	netIntegrity					Not compromised												
b4ebe3d9-58ac-4b60-ba31-e316d8ed4466	BIGC.20190423.04.3.e-fisher	netIntegrity					Not compromised												
0de9b3bf-8463-46f1-ae9c-cb14e2195518	BIGC.20190424.05.1.e-fisher	netIntegrity					Not compromised												
a16224cf-d0a5-4345-8c2f-f03a8cb9fe4a	BIGC.20190424.07.1.e-fisher	netIntegrity					Not compromised												
ea77ccba-2c63-4668-b0df-0d5daf95b6bb	BIGC.20190424.07.2.e-fisher	netIntegrity					Not compromised												
693ca529-a320-481a-8692-fdc1e13e8088	BIGC.20190424.07.3.e-fisher	netIntegrity					Not compromised												
bb4c8222-de61-40d8-9181-00ff6e659544	BIGC.20190425.08.1.e-fisher	netIntegrity					Not compromised												
cab5fd3c-1c9c-4407-aaa6-08311930b3c4	BIGC.20190425.09.1.e-fisher	netIntegrity					Not compromised												
a30be156-71a9-4359-b155-6f5ef475ae5b	BIGC.20191021.01.1.e-fisher	netIntegrity					Not compromised												
d69879da-e9a5-4ba3-ae44-b5c062e17c67	BIGC.20191021.01.2.e-fisher	netIntegrity					Not compromised												
72a383c1-3ade-412b-abaa-4e9f6ab6765e	BIGC.20191021.01.3.e-fisher	netIntegrity					Not compromised												
2add9344-3b53-4d0e-83ea-c8ec5b3b1cee	BIGC.20191022.04.1.e-fisher	netIntegrity					Not compromised												
55d85675-af5b-49cd-9565-a2c2c853054e	BIGC.20191022.04.2.e-fisher	netIntegrity					Not compromised												
d043cd5e-5bfe-4988-9cf6-237ad81c16bf	BIGC.20191022.04.3.e-fisher	netIntegrity					Not compromised												
8daae6b3-6f21-43f3-8276-aec559736f96	BIGC.20191023.05.1.e-fisher	netIntegrity					Not compromised												
8f596188-95c5-42ef-b9bc-8e4377292502	BIGC.20191023.07.1.e-fisher	netIntegrity					Not compromised												
ae195a09-e304-4d92-8d37-2b29b4fd2e9e	BIGC.20191023.07.2.e-fisher	netIntegrity					Not compromised												
ec6d429c-9e0c-4810-9417-958577b9377d	BIGC.20191023.07.3.e-fisher	netIntegrity					Not compromised												
9fc8dde6-acec-409f-a095-f2a576f08382	BIGC.20191024.08.1.e-fisher	netIntegrity					Not compromised												
3ca30840-8990-450e-8469-b316c2f6896d	BIGC.20191024.09.1.e-fisher	netIntegrity					Not compromised												
56c3fa38-cebb-438b-9ed8-ce54ba51ac5b	BIGC.20190422.01.1.e-fisher	targetTaxaPresent					Y												
00cdd350-cbef-4feb-8d5b-0b9d72707321	BIGC.20190422.01.2.e-fisher	targetTaxaPresent					Y												
4b546ac2-7956-4168-80fa-2bf8bad3eb54	BIGC.20190422.01.3.e-fisher	targetTaxaPresent					Y												
d5388234-37ba-4cf9-88bf-a444231b0f62	BIGC.20190423.04.1.e-fisher	targetTaxaPresent					Y												
390ed855-a143-4308-8f3f-f184dc8c3426	BIGC.20190423.04.2.e-fisher	targetTaxaPresent					Y												
9cb8322a-fe6a-4ca3-bdc8-1018e020be0f	BIGC.20190423.04.3.e-fisher	targetTaxaPresent					Y												
89610da5-4d07-4489-8295-f5f2777ee9c4	BIGC.20190424.05.1.e-fisher	targetTaxaPresent					Y												
a159cdca-e306-4bf2-920e-f26457e13549	BIGC.20190424.07.1.e-fisher	targetTaxaPresent					Y												
a4ebd422-e04f-4724-93f8-f886f2eca0b7	BIGC.20190424.07.2.e-fisher	targetTaxaPresent					Y												
83bab4fa-0d91-41c8-9e70-ab4daeac8be9	BIGC.20190424.07.3.e-fisher	targetTaxaPresent					Y												
a1a122b5-1e1f-4928-8dc0-a64c51afa8f7	BIGC.20190425.08.1.e-fisher	targetTaxaPresent					Y												
e634973c-b2c9-4886-8341-8c0e06d92c6e	BIGC.20190425.09.1.e-fisher	targetTaxaPresent					Y												
f366dc69-973f-46d9-bd0d-3a61a0a812d4	BIGC.20191021.01.1.e-fisher	targetTaxaPresent					Y												
e6214022-0852-48c8-b75e-53ae4d9198ed	BIGC.20191021.01.2.e-fisher	targetTaxaPresent					Y												
fc49297f-7e4e-4d80-9baf-13bb61c76b66	BIGC.20191021.01.3.e-fisher	targetTaxaPresent					Y												
ff0d7bb7-d072-422d-aaa0-fa4b858fba18	BIGC.20191022.04.1.e-fisher	targetTaxaPresent					Y												
5c389c0a-32d4-4bb1-9c2d-9137b3f83504	BIGC.20191022.04.2.e-fisher	targetTaxaPresent					Y												
f155eff5-a708-4303-b752-de7448b21a69	BIGC.20191022.04.3.e-fisher	targetTaxaPresent					Y												
2438450a-8170-4dab-ab43-54b807f7824f	BIGC.20191023.05.1.e-fisher	targetTaxaPresent					Y												
47948365-f9d6-4c49-852a-a8cc9f1f390a	BIGC.20191023.07.1.e-fisher	targetTaxaPresent					Y												
9855b4c0-0738-4cc6-ac4f-d0f17d4fa113	BIGC.20191023.07.2.e-fisher	targetTaxaPresent					Y												
ed6d1d2d-4996-4e14-89b2-0c11d2fc4b1e	BIGC.20191023.07.3.e-fisher	targetTaxaPresent					Y												
539f4909-5c3e-4c4f-97a6-27538c5a87ad	BIGC.20191024.08.1.e-fisher	targetTaxaPresent					Y												
c3b06794-6488-478e-bcbc-6258e40c2220	BIGC.20191024.09.1.e-fisher	targetTaxaPresent					Y												
